{"v":{"0":29743.3,"1":400.0,"2":74997.2,"3":31843.1,"4":208.1,"5":43389.7,"6":15850.9,"7":27303.0,"8":87908.0,"9":10.0,"10":81978.2,"11":384039.5999999998,"12":62303.7,"13":449720.5999999999,"14":125571.6,"15":841.2,"16":270908.5000000002,"17":32703.4,"18":169.0,"19":138509.1,"20":3002.5,"21":28990.7,"22":8191.8,"23":143.1,"24":11587.1,"25":6808.7,"26":23021.8,"27":242.5,"28":607.6,"29":36771.9,"30":15.0,"31":28660.8,"32":17712.8,"33":127.3,"34":15580.6,"35":4120.1,"36":138.3,"37":46065.5,"38":156.3,"39":9474.8,"40":289881.3999999998,"41":1327.6,"42":43863.3,"43":90141.1,"44":243.8,"45":150922.4000000001,"46":1781.8,"47":544.4,"48":42561.4,"49":135.2,"50":11668.9,"51":80862.4,"52":31.9,"53":30928.2,"54":13995.6,"55":40375.2,"56":135284.5999999999,"57":15626.3,"58":44511.2,"59":408.4,"60":7654.0,"61":15449.9,"62":55622.5,"63":19372.2,"64":20088.6,"65":5145.0,"66":77.2,"67":21633.5,"68":2831.2,"69":10120.3,"70":64925.9,"71":40987.5,"72":27331.6,"73":59172.8,"74":23334.9,"75":2284.0,"76":220605.3000000001,"77":11821.1,"78":1100.0,"79":236834.0,"80":3283.0,"81":695.0,"82":142573.0,"83":581741.0,"84":37443.0,"85":706726.0,"86":120599.0,"87":204.0,"88":1231158.0,"89":2474.0,"90":10802.0,"91":627109.0,"92":91312.0,"93":205252.0,"94":7600.0,"95":277600.0,"96":118100.0,"97":500.0},"vw":{"0":2.9518,"1":2.959,"2":2.7712,"3":2.6734,"4":2.85,"5":2.7395,"6":2.7086,"7":2.89,"8":2.9696,"9":2.9,"10":2.9847,"11":3.4322,"12":3.7127,"13":3.4305,"14":3.3314,"15":3.2261,"16":3.0322,"17":2.9895,"18":3.1733,"19":3.314,"20":3.2936,"21":3.2977,"22":3.2545,"23":3.1945,"24":3.2764,"25":3.2666,"26":3.1445,"27":3.1242,"28":3.1603,"29":3.2057,"30":3.173,"31":3.3316,"32":3.3427,"33":3.2961,"34":3.3229,"35":3.3347,"36":3.2355,"37":3.3583,"38":3.4043,"39":3.4478,"40":3.6311,"41":3.7819,"42":3.6789,"43":3.9371,"44":3.8993,"45":3.7078,"46":3.7421,"47":3.5615,"48":3.4769,"49":3.549,"50":3.4619,"51":3.4434,"52":3.465,"53":3.3986,"54":3.3403,"55":3.2893,"56":3.4385,"57":3.2296,"58":3.3114,"59":3.454,"60":3.371,"61":3.3813,"62":3.4686,"63":3.3816,"64":3.3561,"65":3.3912,"66":3.4,"67":3.3723,"68":3.3921,"69":3.4063,"70":3.3806,"71":3.3357,"72":3.489,"73":3.4786,"74":3.4328,"75":3.4,"76":3.4615,"77":3.5291,"78":3.4045,"79":3.3239,"80":3.2229,"81":3.0246,"82":2.9531,"83":3.4243,"84":3.2341,"85":3.2449,"86":3.3004,"87":3.2299,"88":3.6507,"89":3.6095,"90":3.61,"91":3.6727,"92":3.5533,"93":3.5732,"94":3.5096,"95":3.5713,"96":3.5059,"97":3.4349},"o":{"0":3.0,"1":2.95,"2":2.89,"3":2.682,"4":2.85,"5":2.75,"6":2.656,"7":2.8,"8":2.902,"9":2.9,"10":3.001,"11":3.075,"12":3.4,"13":3.5,"14":3.256,"15":3.148,"16":3.278,"17":2.875,"18":3.193,"19":3.179,"20":3.301,"21":3.179,"22":3.211,"23":3.22,"24":3.225,"25":3.2654,"26":3.215,"27":3.1,"28":3.068,"29":3.117,"30":3.173,"31":3.239,"32":3.342,"33":3.3,"34":3.3,"35":3.359,"36":3.16,"37":3.301,"38":3.45,"39":3.4,"40":3.466,"41":3.762,"42":3.675,"43":3.78,"44":3.8,"45":3.85,"46":3.669,"47":4.0,"48":3.649,"49":3.4,"50":3.45,"51":3.5095,"52":3.465,"53":3.412,"54":3.349,"55":3.347,"56":3.3,"57":3.4,"58":3.331,"59":3.49,"60":3.295,"61":3.399,"62":3.4,"63":3.5,"64":3.41,"65":3.4,"66":3.4,"67":3.4,"68":3.3775,"69":3.378,"70":3.3875,"71":3.354,"72":3.425,"73":3.481,"74":3.4315,"75":3.4,"76":3.4,"77":3.65,"78":3.43,"79":3.36,"80":3.3,"81":3.02,"82":3.0,"83":2.9519,"84":3.39,"85":3.2,"86":3.33,"87":3.22,"88":3.22,"89":3.48,"90":3.66,"91":3.53,"92":3.52,"93":3.54,"94":3.51,"95":3.42,"96":3.55,"97":3.4349},"c":{"0":2.9,"1":2.97,"2":2.682,"3":2.806,"4":2.85,"5":2.655,"6":2.79,"7":2.966,"8":2.916,"9":2.9,"10":3.075,"11":3.4,"12":3.59,"13":3.25,"14":3.33,"15":3.284,"16":2.875,"17":3.18,"18":3.1,"19":3.33,"20":3.28,"21":3.211,"22":3.226,"23":3.175,"24":3.292,"25":3.259,"26":3.149,"27":3.15,"28":3.25,"29":3.173,"30":3.173,"31":3.39,"32":3.43,"33":3.3,"34":3.359,"35":3.35,"36":3.26,"37":3.45,"38":3.449,"39":3.5,"40":3.761,"41":3.784,"42":3.7155,"43":4.0,"44":3.85,"45":3.583,"46":3.761,"47":3.541,"48":3.523,"49":3.52,"50":3.547,"51":3.465,"52":3.465,"53":3.31,"54":3.349,"55":3.2995,"56":3.349,"57":3.218,"58":3.549,"59":3.5,"60":3.374,"61":3.301,"62":3.461,"63":3.465,"64":3.386,"65":3.35,"66":3.4,"67":3.37,"68":3.399,"69":3.3875,"70":3.332,"71":3.425,"72":3.548,"73":3.432,"74":3.421,"75":3.4,"76":3.496,"77":3.5,"78":3.36,"79":3.18,"80":3.18,"81":3.01,"82":2.96,"83":3.39,"84":3.12,"85":3.33,"86":3.25,"87":3.22,"88":3.45,"89":3.68,"90":3.66,"91":3.54,"92":3.57,"93":3.55,"94":3.5,"95":3.55,"96":3.5,"97":3.4349},"h":{"0":3.001,"1":2.972,"2":2.97,"3":2.806,"4":2.85,"5":3.0,"6":2.8,"7":2.98,"8":3.136,"9":2.9,"10":3.149,"11":4.887,"12":4.276,"13":3.768,"14":3.451,"15":3.4,"16":3.364,"17":3.2,"18":3.193,"19":3.568,"20":3.448,"21":3.436,"22":3.37,"23":3.22,"24":3.348,"25":3.325,"26":3.358,"27":3.15,"28":3.25,"29":3.34,"30":3.173,"31":3.42,"32":3.43,"33":3.3,"34":3.444,"35":3.359,"36":3.26,"37":3.45,"38":3.45,"39":3.5,"40":3.789,"41":3.79,"42":3.784,"43":4.067,"44":4.0,"45":4.056,"46":3.762,"47":4.0,"48":3.654,"49":3.57,"50":3.573,"51":3.547,"52":3.465,"53":3.482,"54":3.399,"55":3.349,"56":3.95,"57":3.7,"58":3.7,"59":3.5,"60":3.52,"61":3.427,"62":3.55,"63":3.5,"64":3.52,"65":3.497,"66":3.4,"67":3.8,"68":3.45,"69":3.447,"70":3.444,"71":3.45,"72":3.7,"73":3.722,"74":3.6,"75":3.4,"76":3.665,"77":3.7,"78":3.43,"79":3.45,"80":3.3,"81":3.02,"82":3.35,"83":3.76,"84":3.39,"85":3.48,"86":3.36,"87":3.22,"88":4.05,"89":3.68,"90":3.69,"91":3.78,"92":3.6498,"93":3.68,"94":3.51,"95":3.73,"96":3.55,"97":3.4349},"l":{"0":2.9,"1":2.95,"2":2.6,"3":2.601,"4":2.85,"5":2.573,"6":2.606,"7":2.8,"8":2.82,"9":2.9,"10":2.815,"11":2.9,"12":3.399,"13":3.125,"14":3.197,"15":3.148,"16":2.85,"17":2.875,"18":3.1,"19":3.013,"20":3.28,"21":3.016,"22":3.211,"23":3.175,"24":3.2,"25":3.25,"26":3.02,"27":3.1,"28":3.018,"29":3.07,"30":3.173,"31":3.0,"32":3.3,"33":3.3,"34":3.22,"35":3.269,"36":3.16,"37":3.215,"38":3.321,"39":3.3131,"40":3.342,"41":3.701,"42":3.574,"43":3.651,"44":3.8,"45":3.523,"46":3.591,"47":3.52,"48":3.387,"49":3.4,"50":3.4,"51":3.32,"52":3.465,"53":3.213,"54":3.3,"55":3.235,"56":3.022,"57":3.203,"58":3.2,"59":3.38,"60":3.271,"61":3.296,"62":3.313,"63":3.21,"64":3.213,"65":3.322,"66":3.4,"67":3.285,"68":3.222,"69":3.301,"70":3.318,"71":3.2,"72":3.4,"73":3.404,"74":3.4,"75":3.4,"76":3.2,"77":3.4,"78":3.36,"79":3.12,"80":3.18,"81":3.01,"82":2.7501,"83":2.92,"84":3.04,"85":2.82,"86":3.22,"87":3.22,"88":3.16,"89":3.48,"90":3.46,"91":3.49,"92":3.5,"93":3.42,"94":3.5,"95":3.42,"96":3.49,"97":3.4349},"t":{"0":1687359600000,"1":1687390200000,"2":1687420800000,"3":1687451400000,"4":1687482000000,"5":1687512600000,"6":1687543200000,"7":1687757400000,"8":1687788000000,"9":1687818600000,"10":1687849200000,"11":1687879800000,"12":1687910400000,"13":1687941000000,"14":1687971600000,"15":1688002200000,"16":1688032800000,"17":1688063400000,"18":1688094000000,"19":1688124600000,"20":1688155200000,"21":1688369400000,"22":1688400000000,"23":1688522400000,"24":1688553000000,"25":1688583600000,"26":1688644800000,"27":1688675400000,"28":1688706000000,"29":1688736600000,"30":1688767200000,"31":1688981400000,"32":1689012000000,"33":1689042600000,"34":1689073200000,"35":1689103800000,"36":1689134400000,"37":1689165000000,"38":1689195600000,"39":1689226200000,"40":1689256800000,"41":1689287400000,"42":1689318000000,"43":1689348600000,"44":1689562800000,"45":1689593400000,"46":1689624000000,"47":1689654600000,"48":1689685200000,"49":1689715800000,"50":1689746400000,"51":1689777000000,"52":1689807600000,"53":1689838200000,"54":1689868800000,"55":1689930000000,"56":1689960600000,"57":1690174800000,"58":1690205400000,"59":1690236000000,"60":1690266600000,"61":1690297200000,"62":1690358400000,"63":1690389000000,"64":1690450200000,"65":1690480800000,"66":1690511400000,"67":1690542000000,"68":1690572600000,"69":1690786800000,"70":1690817400000,"71":1690878600000,"72":1690909200000,"73":1690970400000,"74":1691001000000,"75":1691031600000,"76":1691062200000,"77":1691092800000,"78":1691123400000,"79":1691154000000,"80":1691184600000,