{"v":{"0":285577.5999999997,"1":111.4,"2":127280.2,"3":120358.5,"4":10.0,"5":247589.6000000001,"6":719.9,"7":571.0,"8":174507.5000000001,"9":245.5,"10":108705.4,"11":70697.1,"12":256112.2000000001,"13":22.0,"14":46864.6,"15":132795.9,"16":169332.2,"17":49080.6,"18":600.0,"19":248663.1000000001,"20":2753.8,"21":113021.4,"22":111817.7,"23":266630.6999999999,"24":144535.3,"25":1904.9,"26":249950.4000000001,"27":240.4,"28":291029.4,"29":77895.8,"30":2421.9,"31":311876.2,"32":140.0,"33":186832.3,"34":78504.0,"35":119.4,"36":214515.2,"37":180.3,"38":96998.3,"39":130739.2,"40":218594.5999999999,"41":49936.7,"42":280560.4000000001,"43":133.5,"44":101673.9,"45":100635.1,"46":133205.0,"47":16128.4,"48":44052.1,"49":147770.8,"50":42135.5,"51":16136.5,"52":49845.0,"53":122310.8000000001,"54":670.0,"55":185150.0,"56":53512.6,"57":1073.0,"58":118051.5,"59":272.8,"60":42214.9,"61":126333.2,"62":100.0,"63":154228.9000000001,"64":46226.3,"65":2742.9,"66":154270.1,"67":52.9,"68":92306.7,"69":60152.4,"70":15.7,"71":190667.7,"72":899.6,"73":1221.2,"74":121632.7000000001,"75":154.4,"76":73485.1,"77":51106.1,"78":156005.2000000001,"79":187.2},"vw":{"0":51.1672,"1":51.3131,"2":50.3888,"3":48.3589,"4":48.3,"5":45.6592,"6":45.3956,"7":45.5493,"8":45.7994,"9":46.945,"10":44.0999,"11":43.8487,"12":42.9433,"13":43.3182,"14":43.7499,"15":43.1155,"16":42.5225,"17":42.9548,"18":41.49,"19":41.1403,"20":40.4806,"21":39.1151,"22":38.6657,"23":38.5968,"24":38.7352,"25":39.5689,"26":38.3217,"27":37.6541,"28":38.1415,"29":38.4219,"30":39.2547,"31":39.8301,"32":39.4989,"33":39.9196,"34":39.893,"35":40.616,"36":40.96,"37":40.5047,"38":42.1166,"39":41.8034,"40":41.4356,"41":41.6484,"42":39.8906,"43":39.2,"44":38.6675,"45":38.6113,"46":38.1313,"47":38.0929,"48":36.8476,"49":36.4343,"50":36.1776,"51":35.9577,"52":36.7478,"53":36.7121,"54":37.0031,"55":39.1147,"56":38.4536,"57":38.6196,"58":37.1747,"59":38.1515,"60":36.5748,"61":35.9149,"62":36.0,"63":34.9729,"64":34.5843,"65":33.5999,"66":33.2497,"67":33.2,"68":32.5679,"69":32.248,"70":32.836,"71":33.1408,"72":33.3174,"73":33.9,"74":32.7262,"75":32.351,"76":32.1336,"77":31.6698,"78":31.4185,"79":31.8336},"o":{"0":50.0,"1":50.9,"2":49.5,"3":48.789,"4":48.3,"5":47.5,"6":45.3,"7":45.2,"8":45.886,"9":47.4,"10":46.7,"11":43.4,"12":43.2,"13":43.1,"14":44.3,"15":43.5,"16":42.7,"17":42.96,"18":41.8,"19":42.3,"20":40.6,"21":40.0,"22":38.822,"23":38.1,"24":38.9,"25":40.5,"26":39.4,"27":37.7,"28":37.401,"29":37.801,"30":39.3,"31":39.2,"32":39.5,"33":39.2,"34":40.25,"35":40.6,"36":40.9,"37":40.6,"38":41.5,"39":42.287,"40":42.3,"41":41.6,"42":41.8,"43":39.2,"44":39.8,"45":38.25,"46":38.0,"47":38.15,"48":37.8,"49":36.5,"50":36.7,"51":36.0,"52":36.8,"53":36.867,"54":37.001,"55":37.4,"56":38.75,"57":38.8,"58":38.6,"59":38.0,"60":37.9,"61":36.192,"62":36.0,"63":35.0,"64":34.9,"65":34.3,"66":33.1,"67":33.2,"68":32.9,"69":32.4,"70":32.8,"71":32.4,"72":33.209,"73":34.2,"74":33.7,"75":32.3,"76":32.6,"77":32.15,"78":31.6,"79":31.9},"c":{"0":50.9,"1":51.5,"2":48.8,"3":49.2,"4":48.3,"5":45.3,"6":47.2,"7":45.6,"8":45.9,"9":46.0,"10":43.45,"11":44.001,"12":43.4,"13":43.5,"14":43.578,"15":42.9,"16":42.95,"17":43.2,"18":41.4,"19":40.7,"20":40.5,"21":38.84,"22":38.7,"23":38.9,"24":38.4,"25":39.3,"26":37.7,"27":37.6,"28":37.8,"29":38.5,"30":39.2,"31":39.6,"32":39.5,"33":40.278,"34":40.5,"35":40.6,"36":40.8,"37":40.6,"38":42.3,"39":42.1,"40":41.712,"41":41.9,"42":39.2,"43":39.2,"44":38.3,"45":38.1,"46":38.101,"47":38.3,"48":36.55,"49":36.9,"50":36.05,"51":36.0,"52":36.85,"53":37.2,"54":37.1,"55":38.7,"56":38.6,"57":38.899,"58":37.8,"59":38.2,"60":36.105,"61":35.8,"62":36.0,"63":34.999,"64":34.4,"65":33.0,"66":33.299,"67":33.2,"68":32.4,"69":32.5,"70":32.8,"71":33.3,"72":33.5,"73":33.8,"74":32.5,"75":32.5,"76":32.114,"77":31.9,"78":31.8,"79":31.8},"h":{"0":52.2,"1":51.5,"2":51.8,"3":49.2,"4":48.3,"5":48.4,"6":47.2,"7":45.9,"8":46.8,"9":47.4,"10":46.9,"11":44.25,"12":43.885,"13":43.5,"14":44.398,"15":43.6,"16":43.5,"17":43.2,"18":41.8,"19":42.46,"20":40.683,"21":40.3,"22":39.2,"23":39.901,"24":39.3,"25":40.5,"26":39.6,"27":37.7,"28":38.7,"29":38.8,"30":39.5,"31":40.5,"32":39.5,"33":40.6,"34":40.5,"35":40.7,"36":41.6,"37":40.6,"38":42.557,"39":42.399,"40":42.5,"41":42.3,"42":41.8,"43":39.2,"44":40.1,"45":39.11,"46":38.7,"47":38.4,"48":37.9,"49":37.1,"50":36.7,"51":36.1,"52":37.3,"53":37.2,"54":37.1,"55":39.8,"56":39.1,"57":39.0,"58":38.8,"59":38.2,"60":38.1,"61":36.4,"62":36.0,"63":35.6,"64":35.0,"65":34.3,"66":33.7,"67":33.2,"68":34.0,"69":32.5,"70":32.8,"71":33.7,"72":33.5,"73":34.2,"74":33.8,"75":32.5,"76":32.7,"77":32.2,"78":31.8,"79":31.9},"l":{"0":49.4,"1":50.9,"2":48.7,"3":47.601,"4":48.3,"5":44.688,"6":45.2,"7":45.2,"8":45.0,"9":46.0,"10":43.0,"11":43.35,"12":41.9,"13":43.1,"14":43.1,"15":42.7,"16":41.6,"17":42.8,"18":41.4,"19":40.4,"20":40.3,"21":38.622,"22":38.192,"23":37.6,"24":38.2,"25":38.9,"26":37.2,"27":37.6,"28":36.8,"29":37.8,"30":39.0,"31":39.0,"32":39.486,"33":39.2,"34":39.4,"35":40.6,"36":40.5,"37":40.5,"38":41.3,"39":41.3,"40":40.6,"41":41.315,"42":38.6,"43":39.2,"44":38.1,"45":38.0,"46":37.5,"47":37.803,"48":36.5,"49":36.1,"50":35.9,"51":35.8,"52":35.5,"53":36.4,"54":37.0,"55":37.4,"56":38.2,"57":38.1,"58":36.3,"59":38.0,"60":35.9,"61":35.5,"62":36.0,"63":34.5,"64":34.204,"65":32.8,"66":32.7,"67":33.2,"68":32.301,"69":32.001,"70":32.8,"71":32.1,"72":32.5,"73":33.8,"74":32.1,"75":32.3,"76":31.8,"77":31.4,"78":31.0,"79":31.8},"t":{"0":1685536200000,"1":1685569500000,"2":1685602800000,"3":1685636100000,"4":1685669400000,"5":1685702700000,"6":1685736000000,"7":1685935800000,"8":1685969100000,"9":1686002400000,"10":1686035700000,"11":1686069000000,"12":1686135600000,"13":1686168900000,"14":1686202200000,"15":1686235500000,"16":1686302100000,"17":1686335400000,"18":1686535200000,"19":1686568500000,"20":1686601800000,"21":1686635100000,"22":1686668400000,"23":1686735000000,"24":1686768300000,"25":1686801600000,"26":1686834900000,"27":1686868200000,"28":1686901500000,"29":1686934800000,"30":1687234500000,"31":1687267800000,"32":1687301100000,"33":1687334400000,"34":1687367700000,"35":1687401000000,"36":1687434300000,"37":1687467600000,"38":1687500900000,"39":1687534200000,"40":1687767300000,"41":1687800600000,"42":1687867200000,"43":1687900500000,"44":1687933800000,"45":1687967100000,"46":1688033700000,"47":1688067000000,"48":1688100300000,"49":1688133600000,"50":1688366700000,"51":1688400000000,"52":1688533200000,"53":1688566500000,"54":1688599800000,"55":1688633100000,"56":1688666400000,"57":1688699700000,"58":1688733000000,"59":1688766300000,"60":1688966100000,"61":1688999400000,"62":1689032700000,"63":1689066000000,"64":1689099300000,"65":1689132600000,"66":1689165900000,"67":1689199200000,"68":1689232500000,"69":1689265800000,"70":1689299100000,"71":1689332400000,"72":1689365700000,"73":1689565500000,"74":1689598800000,"75":1689632100000,"76":1689665400000,"77":1689698700000,"78":1689765300000,"79":1689798600000},"n":{"0":3520,"1":4,"2":1531,"3":1537,"4":1,"5":2930,"6":8,"7":11,"8":2657,"9":6,"10":1478,"11":1222,"12":2710,"13":3,"14":555,"15":1422,"16":1690,"17":451,"18":9,"19":3157,"20":39,"21":1334,"22":1336,"23":3062,"24":1395,"25":57,"26":3135,"27":3,"28":2643,"29":835,"30":36,"31":3288,"32":5,"33":2337,"34":1023,"35":9,"36":2577,"37":9,"38":1245,"39":2041,"40":2449,"41":663,"42":3125,"43":1,"44":1302,"45":1477,"46":1847,"47":298,"48":560,"49":2290,"50":696,"51":269,"52":465,"53":1729,"54":4,"55":2225,"56":603,"57":20,"58":1714,"59":7,"60":649,"61":1760,"62":1,"63":1716,"64":772,"65":103,"66":2251,"67":5,"68":1161,"69":974,"70":2,"71":2168,"72":14,"73":19,"74":1757,"75":3,"76":1102,"77":826,"78":1650,"79":7}}