{"v":{"0":255903,"1":24619,"2":108658,"3":49673,"4":225894,"5":163,"6":167371,"7":481007,"8":91150,"9":123079,"10":187982,"11":66927,"12":3993,"13":97382,"14":123481,"15":3217,"16":106884,"17":73843,"18":114896,"19":79405,"20":83940,"21":50135,"22":934312,"23":307439,"24":4671,"25":620214,"26":475683},"vw":{"0":1.2374,"1":1.279,"2":1.2659,"3":1.191,"4":1.1546,"5":1.12,"6":1.1411,"7":1.1166,"8":1.0324,"9":1.085,"10":1.092,"11":1.0816,"12":1.0707,"13":1.0952,"14":1.0604,"15":1.0753,"16":1.0793,"17":1.0599,"18":1.0475,"19":1.0537,"20":1.0595,"21":1.0546,"22":1.19,"23":1.17,"24":1.1026,"25":1.179,"26":1.2022},"o":{"0":1.24,"1":1.26,"2":1.29,"3":1.21,"4":1.18,"5":1.12,"6":1.13,"7":1.135,"8":1.055,"9":1.07,"10":1.105,"11":1.085,"12":1.06,"13":1.09,"14":1.095,"15":1.07,"16":1.06,"17":1.07,"18":1.04,"19":1.059,"20":1.07,"21":1.045,"22":1.07,"23":1.2,"24":1.1,"25":1.1,"26":1.205},"c":{"0":1.23,"1":1.285,"2":1.225,"3":1.18,"4":1.13,"5":1.12,"6":1.135,"7":1.055,"8":1.05,"9":1.105,"10":1.085,"11":1.07,"12":1.08,"13":1.095,"14":1.05,"15":1.07,"16":1.08,"17":1.09,"18":1.06,"19":1.05,"20":1.045,"21":1.07,"22":1.2,"23":1.16,"24":1.11,"25":1.2,"26":1.27},"h":{"0":1.25,"1":1.3,"2":1.3,"3":1.24,"4":1.19,"5":1.12,"6":1.17,"7":1.16,"8":1.06,"9":1.13,"10":1.11,"11":1.09,"12":1.105,"13":1.11,"14":1.1,"15":1.1,"16":1.1,"17":1.09,"18":1.0898,"19":1.06,"20":1.11,"21":1.07,"22":1.22,"23":1.2,"24":1.13,"25":1.225,"26":1.27},"l":{"0":1.23,"1":1.25,"2":1.22,"3":1.18,"4":1.12,"5":1.12,"6":1.11,"7":1.05,"8":1.01,"9":1.01,"10":1.07,"11":1.07,"12":1.06,"13":1.08,"14":1.04,"15":1.06,"16":1.05,"17":1.05,"18":1.02,"19":1.05,"20":1.034,"21":1.04,"22":1.07,"23":1.15,"24":1.07,"25":1.1,"26":1.195},"t":{"0":1695138300000,"1":1695206700000,"2":1695223800000,"3":1695292200000,"4":1695309300000,"5":1695326400000,"6":1695377700000,"7":1695394800000,"8":1695411900000,"9":1695634200000,"10":1695651300000,"11":1695668400000,"12":1695719700000,"13":1695736800000,"14":1695753900000,"15":1695805200000,"16":1695822300000,"17":1695839400000,"18":1695907800000,"19":1695924900000,"20":1695993300000,"21":1696010400000,"22":1696249800000,"23":1696266900000,"24":1696318200000,"25":1696335300000,"26":1696352400000},"n":{"0":2441,"1":200,"2":971,"3":356,"4":1043,"5":2,"6":729,"7":2910,"8":686,"9":507,"10":1379,"11":648,"12":29,"13":739,"14":1028,"15":14,"16":886,"17":739,"18":1081,"19":628,"20":571,"21":438,"22":4655,"23":1823,"24":27,"25":2090,"26":2347},"sma_20":{"0":1.39475,"1":1.38125,"2":1.365,"3":1.3475,"4":1.32775,"5":1.30825,"6":1.28925,"7":1.2665,"8":1.245,"9":1.22925,"10":1.2135,"11":1.19975,"12":1.18825,"13":1.174,"14":1.15925,"15":1.14725,"16":1.13725,"17":1.13025,"18":1.12175,"19":1.11225,"20":1.103,"21":1.09225,"22":1.091,"23":1.09,"24":1.089,"25":1.093,"26":1.09975},"sma_50":{"0":1.7257,"1":1.7048,"2":1.6825,"3":1.6642,"4":1.6455,"5":1.6279,"6":1.6096,"7":1.5847,"8":1.5655,"9":1.5466,"10":1.5293,"11":1.5089,"12":1.4885,"13":1.4701,"14":1.4503,"15":1.4306,"16":1.4134,"17":1.3954,"18":1.3769,"19":1.3587,"20":1.341,"21":1.3259,"22":1.3137,"23":1.3017,"24":1.2887,"25":1.2777,"26":1.2687},"sma_100":{"0":1.980191,"1":1.969141,"2":1.957791,"3":1.946991,"4":1.935091,"5":1.923591,"6":1.912041,"7":1.899591,"8":1.886191,"9":1.873441,"10":1.860791,"11":1.847791,"12":1.835441,"13":1.823691,"14":1.812641,"15":1.801941,"16":1.790391,"17":1.778791,"18":1.766391,"19":1.753491,"20":1.741041,"21":1.730491,"22":1.720991,"23":1.709591,"24":1.697691,"25":1.687891,"26":1.678791},"rsi":{"0":21.8912408632,"1":30.8589167934,"2":27.1913042407,"3":24.8096968095,"4":22.4561756455,"5":22.006537603,"6":24.4501744227,"7":20.7212919118,"8":20.5107478799,"9":29.0506324984,"10":27.8777531231,"11":26.9973828509,"12":28.6158460991,"13":31.0839351505,"14":27.960646286,"15":31.2662323892,"16":32.9235413533,"17":34.6212174798,"18":32.0042500986,"19":31.1587769784,"20":30.7217653386,"21":35.5863440902,"22":53.7663684444,"23":49.1680328162,"24":44.091789981,"25":53.4149530916,"26":59.1243770462},"upper_bb":{"0":1.6340796559,"1":1.6128548131,"2":1.5923184643,"3":1.5752232855,"4":1.559141102,"5":1.5407031645,"6":1.5124863628,"7":1.4877429006,"8":1.4624251232,"9":1.4387927352,"10":1.4162469255,"11":1.4022469136,"12":1.3905076523,"13":1.3587786727,"14":1.3333423832,"15":1.3103281214,"16":1.2902713263,"17":1.2781288622,"18":1.2649566964,"19":1.2474097495,"20":1.2292578815,"21":1.1855787906,"22":1.1772432301,"23":1.1722704142,"24":1.1696943551,"25":1.1869988802,"26":1.2216850561},"lower_bb":{"0":1.1554203441,"1":1.1496451869,"2":1.1376815357,"3":1.1197767145,"4":1.096358898,"5":1.0757968355,"6":1.0660136372,"7":1.0452570994,"8":1.0275748768,"9":1.0197072648,"10":1.0107530745,"11":0.9972530864,"12":0.9859923477,"13":0.9892213273,"14":0.9851576168,"15":0.9841718786,"16":0.9842286737,"17":0.9823711378,"18":0.9785433036,"19":0.9770902505,"20":0.9767421185,"21":0.9989212094,"22":1.0047567699,"23":1.0077295858,"24":1.0083056449,"25":0.9990011198,"26":0.9778149439},"e26":{"0":1.4588347011,"1":1.4459580566,"2":1.4295907931,"3":1.4111025862,"4":1.3902801724,"5":1.3702594189,"6":1.3528327953,"7":1.3307711068,"8":1.309973247,"9":1.2947900435,"10":1.2792500403,"11":1.2637500373,"12":1.2501389234,"13":1.2386471513,"14":1.2246732883,"15":1.2132160077,"16":1.2033481552,"17":1.1949519956,"18":1.1849555515,"19":1.174958844,"20":1.1653322629,"21":1.1582706138,"22":1.1613616795,"23":1.1612608143,"24":1.157463717,"25":1.1606145527,"26":1.1687171785},"e12":{"0":1.3171492367,"1":1.3122032003,"2":1.2987873233,"3":1.2805123505,"4":1.2573566043,"5":1.236224819,"6":1.2206517699,"7":1.1951668822,"8":1.1728335157,"9":1.1623975902,"10":1.1504902687,"11":1.1381071504,"12":1.1291675888,"13":1.1239110367,"14":1.112540108,"15":1.105995476,"16":1.101996172,"17":1.1001506071,"18":1.0939735906,"19":1.0872084228,"20":1.0807148193,"21":1.0790663856,"22":1.097671557,"23":1.1072605482,"24":1.1076820024,"25":1.1218847712,"26":1.1446717295},"MACD":{"0":-0.1416854644,"1":-0.1337548563,"2":-0.1308034698,"3":-0.1305902357,"4":-0.1329235682,"5":-0.1340345999,"6":-0.1321810254,"7":-0.1356042245,"8":-0.1371397313,"9":-0.1323924533,"10":-0.1287597716,"11":-0.1256428869,"12":-0.1209713346,"13":-0.1147361146,"14":-0.1121331803,"15":-0.1072205317,"16":-0.1013519833,"17":-0.0948013885,"18":-0.0909819609,"19":-0.0877504212,"20":-0.0846174436,"21":-0.0792042283,"22":-0.0636901225,"23":-0.0540002661,"24":-0.0497817146,"25":-0.0387297815,"26":-0.024045449},"e9":{"0":-0.1431298536,"1":-0.1412548541,"2":-0.1391645772,"3":-0.1374497089,"4":-0.1365444808,"5":-0.1360425046,"6":-0.1352702088,"7":-0.1353370119,"8":-0.1356975558,"9":-0.1350365353,"10":-0.1337811825,"11":-0.1321535234,"12":-0.1299170857,"13":-0.1268808915,"14":-0.1239313492,"15":-0.1205891857,"16":-0.1167417452,"17":-0.1123536739,"18":-0.1080793313,"19":-0.1040135493,"20":-0.1001343281,"21":-0.0959483082,"22":-0.089496671,"23":-0.08239739,"24":-0.0758742549,"25":-0.0684453603,"26":-0.059565378},"HIST":{"0":0.0014443892,"1":0.0074999978,"2":0.0083611074,"3":0.0068594732,"4":0.0036209126,"5":0.0020079047,"6":0.0030891834,"7":-0.0002672126,"8":-0.0014421755,"9":0.002644082,"10":0.0050214109,"11":0.0065106365,"12":0.008945751,"13":0.0121447768,"14":0.0117981689,"15":0.013368654,"16":0.015389762,"17":0.0175522854,"18":0.0170973704,"19":0.0162631281,"20":0.0155168845,"21":0.0167440799,"22":0.0258065486,"23":0.028397124,"24":0.0260925403,"25":0.0297155787,"26":0.035519929}}