{"v":{"0":183927,"1":350,"2":27479,"3":136476,"4":300,"5":81254,"6":101036,"7":66327,"8":17787,"9":135182,"10":93373,"11":8791,"12":59335,"13":78919,"14":5587,"15":137430,"16":60833,"17":100,"18":43315,"19":40160,"20":94943,"21":32389,"22":654944,"23":236284,"24":221441,"25":183252},"vw":{"0":1.8712,"1":1.891,"2":1.8462,"3":1.84,"4":1.8833,"5":1.8151,"6":1.8189,"7":1.8098,"8":1.7833,"9":1.7732,"10":1.7617,"11":1.7384,"12":1.7625,"13":1.74,"14":1.7641,"15":1.7405,"16":1.7233,"17":1.76,"18":1.7219,"19":1.7354,"20":1.7454,"21":1.7239,"22":1.6652,"23":1.6114,"24":1.5804,"25":1.5583},"o":{"0":1.88,"1":1.8417,"2":1.82,"3":1.84,"4":1.91,"5":1.81,"6":1.82,"7":1.81,"8":1.85,"9":1.7799,"10":1.77,"11":1.71,"12":1.775,"13":1.76,"14":1.7699,"15":1.75,"16":1.75,"17":1.76,"18":1.73,"19":1.739,"20":1.75,"21":1.74,"22":1.7001,"23":1.63,"24":1.61,"25":1.56},"c":{"0":1.86,"1":1.955,"2":1.8499,"3":1.82,"4":1.87,"5":1.83,"6":1.81,"7":1.8,"8":1.78,"9":1.77,"10":1.6764,"11":1.7793,"12":1.76,"13":1.6901,"14":1.7401,"15":1.75,"16":1.71,"17":1.76,"18":1.735,"19":1.74,"20":1.73,"21":1.77,"22":1.6399,"23":1.65,"24":1.555,"25":1.6},"h":{"0":1.89,"1":1.955,"2":1.86,"3":1.86,"4":1.91,"5":1.84,"6":1.835,"7":1.82,"8":1.85,"9":1.78,"10":1.78,"11":1.7793,"12":1.775,"13":1.76,"14":1.7699,"15":1.77,"16":1.751,"17":1.76,"18":1.7406,"19":1.75,"20":1.77,"21":1.77,"22":1.71,"23":1.65,"24":1.62,"25":1.6},"l":{"0":1.84,"1":1.8417,"2":1.82,"3":1.81,"4":1.87,"5":1.77,"6":1.8,"7":1.795,"8":1.76,"9":1.765,"10":1.6764,"11":1.71,"12":1.75,"13":1.6901,"14":1.74,"15":1.72,"16":1.71,"17":1.76,"18":1.71,"19":1.72,"20":1.72,"21":1.71,"22":1.6399,"23":1.6,"24":1.55,"25":1.545},"t":{"0":1695223800000,"1":1695240900000,"2":1695292200000,"3":1695309300000,"4":1695326400000,"5":1695377700000,"6":1695394800000,"7":1695411900000,"8":1695634200000,"9":1695651300000,"10":1695668400000,"11":1695719700000,"12":1695736800000,"13":1695753900000,"14":1695805200000,"15":1695822300000,"16":1695839400000,"17":1695890700000,"18":1695907800000,"19":1695924900000,"20":1695993300000,"21":1696010400000,"22":1696249800000,"23":1696266900000,"24":1696335300000,"25":1696352400000},"n":{"0":1160,"1":3,"2":126,"3":569,"4":2,"5":323,"6":787,"7":222,"8":132,"9":680,"10":526,"11":43,"12":361,"13":401,"14":11,"15":422,"16":316,"17":1,"18":333,"19":229,"20":338,"21":192,"22":2490,"23":848,"24":298,"25":734},"sma_20":{"0":1.9132,"1":1.91395,"2":1.909945,"3":1.905945,"4":1.904445,"5":1.899445,"6":1.894945,"7":1.888445,"8":1.881945,"9":1.874195,"10":1.860515,"11":1.84948,"12":1.84348,"13":1.831055,"14":1.82406,"15":1.81554,"16":1.80454,"17":1.79804,"18":1.79129,"19":1.78429,"20":1.77779,"21":1.76854,"22":1.75804,"23":1.74954,"24":1.73379,"25":1.72229},"sma_50":{"0":1.932214,"1":1.932114,"2":1.930312,"3":1.927912,"4":1.926712,"5":1.924912,"6":1.922712,"7":1.920512,"8":1.918112,"9":1.914712,"10":1.90974,"11":1.907326,"12":1.903926,"13":1.899528,"14":1.89673,"15":1.89233,"16":1.88773,"17":1.884924,"18":1.880024,"19":1.874224,"20":1.869124,"21":1.865124,"22":1.858922,"23":1.852122,"24":1.84462,"25":1.83782},"sma_100":{"0":2.034827,"1":2.031283,"2":2.025182,"3":2.019482,"4":2.012982,"5":2.007732,"6":2.002332,"7":1.996732,"8":1.991382,"9":1.986382,"10":1.979946,"11":1.974439,"12":1.968039,"13":1.96254,"14":1.957241,"15":1.953241,"16":1.947841,"17":1.943341,"18":1.938791,"19":1.933991,"20":1.929491,"21":1.925091,"22":1.91909,"23":1.91319,"24":1.90624,"25":1.89994},"rsi":{"0":43.0816535266,"1":53.5079944194,"2":43.9222106201,"3":41.6369236361,"4":46.6370384775,"5":43.4313604034,"6":41.8812478162,"7":41.0915391458,"8":39.4878312951,"9":38.6750780118,"10":32.0298373297,"11":43.5193896551,"12":42.0825334977,"13":37.2815618056,"14":42.3481759579,"15":43.3244422029,"16":40.3512582328,"17":45.3956705489,"18":43.4185232483,"19":43.9443691748,"20":43.0819969887,"21":47.5185154447,"22":37.3273880884,"23":38.4313341844,"24":32.6124420267,"25":37.4441054915},"upper_bb":{"0":1.9791287015,"1":1.9814841161,"2":1.9827649936,"3":1.989117958,"4":1.9891375952,"5":1.9894274188,"6":1.9934122743,"7":1.9940717206,"8":1.9975181434,"9":1.9980991816,"10":2.00745343,"11":1.9850188249,"12":1.9838677128,"13":1.9797378978,"14":1.9761714328,"15":1.9639750987,"16":1.9498340742,"17":1.9387970868,"18":1.9304560863,"19":1.9186699781,"20":1.9092960919,"21":1.8702018212,"22":1.8674072211,"23":1.8648923189,"24":1.8648409728,"25":1.8580735724},"lower_bb":{"0":1.8472712985,"1":1.8464158839,"2":1.8371250064,"3":1.822772042,"4":1.8197524048,"5":1.8094625812,"6":1.7964777257,"7":1.7828182794,"8":1.7663718566,"9":1.7502908184,"10":1.71357657,"11":1.7139411751,"12":1.7030922872,"13":1.6823721022,"14":1.6719485672,"15":1.6671049013,"16":1.6592459258,"17":1.6572829132,"18":1.6521239137,"19":1.6499100219,"20":1.6462839081,"21":1.6668781788,"22":1.6486727789,"23":1.6341876811,"24":1.6027390272,"25":1.5865064276},"e26":{"0":1.9176289889,"1":1.920397212,"2":1.9151751963,"3":1.9081251817,"4":1.9053010942,"5":1.8997232354,"6":1.8930770698,"7":1.886182472,"8":1.8783171037,"9":1.8702936146,"10":1.8559311246,"11":1.850254745,"12":1.8435692083,"13":1.8322011188,"14":1.8253788137,"15":1.8197951979,"16":1.8116622203,"17":1.8078353891,"18":1.8024401751,"19":1.797814977,"20":1.7927916453,"21":1.7911033753,"22":1.7799031253,"23":1.7702806716,"24":1.7543339552,"25":1.7429018103},"e12":{"0":1.8998999586,"1":1.9083768881,"2":1.8993804437,"3":1.8871680678,"4":1.8845268266,"5":1.876138084,"6":1.8659629942,"7":1.8558148412,"8":1.8441510195,"9":1.8327431704,"10":1.8086903749,"11":1.8041687788,"12":1.797373582,"13":1.780869954,"14":1.7745976534,"15":1.770813399,"16":1.7614574915,"17":1.761233262,"18":1.7571973756,"19":1.7545516255,"20":1.7507744523,"21":1.7537322289,"22":1.7362195783,"23":1.7229550278,"24":1.6971157927,"25":1.6821749016},"MACD":{"0":-0.0177290303,"1":-0.0120203239,"2":-0.0157947525,"3":-0.020957114,"4":-0.0207742676,"5":-0.0235851513,"6":-0.0271140756,"7":-0.0303676308,"8":-0.0341660842,"9":-0.0375504442,"10":-0.0472407497,"11":-0.0460859662,"12":-0.0461956263,"13":-0.0513311648,"14":-0.0507811603,"15":-0.0489817989,"16":-0.0502047288,"17":-0.0466021271,"18":-0.0452427996,"19":-0.0432633515,"20":-0.042017193,"21":-0.0373711464,"22":-0.043683547,"23":-0.0473256438,"24":-0.0572181624,"25":-0.0607269088},"e9":{"0":-0.0119059852,"1":-0.011928853,"2":-0.0127020329,"3":-0.0143530491,"4":-0.0156372928,"5":-0.0172268645,"6":-0.0192043067,"7":-0.0214369715,"8":-0.0239827941,"9":-0.0266963241,"10":-0.0308052092,"11":-0.0338613606,"12":-0.0363282138,"13":-0.039328804,"14":-0.0416192752,"15":-0.04309178,"16":-0.0445143697,"17":-0.0449319212,"18":-0.0449940969,"19":-0.0446479478,"20":-0.0441217968,"21":-0.0427716668,"22":-0.0429540428,"23":-0.043828363,"24":-0.0465063229,"25":-0.0493504401},"HIST":{"0":-0.0058230451,"1":-0.0000914709,"2":-0.0030927196,"3":-0.0066040649,"4":-0.0051369748,"5":-0.0063582868,"6":-0.0079097689,"7":-0.0089306593,"8":-0.0101832901,"9":-0.0108541201,"10":-0.0164355405,"11":-0.0122246056,"12":-0.0098674125,"13":-0.0120023608,"14":-0.0091618851,"15":-0.0058900189,"16":-0.0056903591,"17":-0.0016702059,"18":-0.0002487027,"19":0.0013845963,"20":0.0021046038,"21":0.0054005203,"22":-0.0007295042,"23":-0.0034972808,"24":-0.0107118395,"25":-0.0113764687}}