{"v":{"0":63279.0,"1":47462.0,"2":21765.0,"3":34308.0,"4":20034.0,"5":15987.0,"6":15261.0,"7":15883.0,"8":26458.0,"9":11408.0,"10":3104.0,"11":18770.0,"12":8003.0,"13":62616.0,"14":20416.0,"15":600.0,"16":160.0,"17":16524.0,"18":15975.0,"19":38870.0,"20":103569.0},"vw":{"0":1.9981,"1":1.9927,"2":2.0282,"3":2.025,"4":2.0079,"5":2.0194,"6":1.9859,"7":2.0195,"8":2.0431,"9":2.0283,"10":2.0326,"11":2.0316,"12":2.0194,"13":2.0656,"14":2.0287,"15":2.12,"16":2.0702,"17":2.0374,"18":1.9995,"19":1.9524,"20":1.8583},"o":{"0":2.0,"1":1.99,"2":2.05,"3":2.0,"4":2.03,"5":1.995,"6":1.98,"7":2.01,"8":2.05,"9":2.02,"10":2.03,"11":2.04,"12":2.03,"13":2.05,"14":2.0583,"15":2.12,"16":2.0702,"17":2.07,"18":2.02,"19":1.99,"20":1.91},"c":{"0":2.005,"1":2.08,"2":2.035,"3":2.06,"4":1.9701,"5":2.0,"6":2.04,"7":2.0,"8":2.02,"9":2.02,"10":2.03,"11":2.03,"12":2.05,"13":2.05,"14":2.04,"15":2.12,"16":2.0702,"17":1.9979,"18":2.01,"19":1.9256,"20":1.89},"h":{"0":2.04,"1":2.08,"2":2.05,"3":2.06,"4":2.04,"5":2.04,"6":2.04,"7":2.04,"8":2.05,"9":2.06,"10":2.04,"11":2.07,"12":2.05,"13":2.1,"14":2.0699,"15":2.12,"16":2.0702,"17":2.07,"18":2.02,"19":1.99,"20":1.91},"l":{"0":1.99,"1":1.97,"2":1.9701,"3":2.0,"4":1.96,"5":1.98,"6":1.96,"7":2.0,"8":2.0,"9":2.0,"10":2.03,"11":2.0,"12":1.98,"13":2.0389,"14":2.0,"15":2.12,"16":2.0702,"17":1.99,"18":1.98,"19":1.91,"20":1.8},"t":{"0":1695304800000,"1":1695323700000,"2":1695380400000,"3":1695399300000,"4":1695645000000,"5":1695663900000,"6":1695720600000,"7":1695739500000,"8":1695815100000,"9":1695834000000,"10":1695890700000,"11":1695909600000,"12":1695928500000,"13":1695985200000,"14":1696004100000,"15":1696023000000,"16":1696230900000,"17":1696249800000,"18":1696268700000,"19":1696325400000,"20":1696344300000},"n":{"0":177,"1":117,"2":109,"3":276,"4":56,"5":169,"6":38,"7":171,"8":174,"9":131,"10":6,"11":156,"12":79,"13":192,"14":141,"15":2,"16":1,"17":77,"18":97,"19":89,"20":480},"sma_20":{"0":2.044,"1":2.052,"2":2.0545,"3":2.0545,"4":2.050505,"5":2.048005,"6":2.048005,"7":2.046005,"8":2.044505,"9":2.040505,"10":2.037005,"11":2.036005,"12":2.036005,"13":2.035505,"14":2.034005,"15":2.037005,"16":2.037015,"17":2.03391,"18":2.03441,"19":2.02769,"20":2.02194},"sma_50":{"0":2.052082,"1":2.048682,"2":2.045382,"3":2.042382,"4":2.038258,"5":2.034658,"6":2.032458,"7":2.031658,"8":2.031686,"9":2.030686,"10":2.029926,"11":2.026526,"12":2.026226,"13":2.027414,"14":2.027014,"15":2.028214,"16":2.028218,"17":2.026776,"18":2.02566,"19":2.023372,"20":2.019772},"sma_100":{"0":2.281985,"1":2.273185,"2":2.264135,"3":2.255035,"4":2.244536,"5":2.235436,"6":2.225836,"7":2.217436,"8":2.208636,"9":2.200136,"10":2.192536,"11":2.185036,"12":2.176536,"13":2.169936,"14":2.161137,"15":2.155837,"16":2.148539,"17":2.141718,"18":2.136318,"19":2.129574,"20":2.123374},"rsi":{"0":45.2293517077,"1":53.3759096926,"2":48.695822827,"3":51.2530440682,"4":42.9604762794,"5":46.0849410367,"6":50.0285612152,"7":46.3754895971,"8":48.4041512601,"9":48.4041512601,"10":49.5117338232,"11":49.5117338232,"12":51.9064158535,"13":51.9064158535,"14":50.5169935509,"15":59.7900243881,"16":53.1169932937,"17":45.2253106134,"18":46.6537819256,"19":39.011456539,"20":36.3096574198},"upper_bb":{"0":2.125343974,"1":2.1101649198,"2":2.1042255626,"3":2.1042255626,"4":2.1129615693,"5":2.1144237822,"6":2.1144237822,"7":2.1157636961,"8":2.115186062,"9":2.106886528,"10":2.0972791273,"11":2.0960344831,"12":2.0960344831,"13":2.0948557141,"14":2.0911607604,"15":2.1051482076,"16":2.1051786506,"17":2.1033114985,"18":2.102921233,"19":2.1105050736,"20":2.1249060629},"lower_bb":{"0":1.962656026,"1":1.9938350802,"2":2.0047744374,"3":2.0047744374,"4":1.9880484307,"5":1.9815862178,"6":1.9815862178,"7":1.9762463039,"8":1.973823938,"9":1.974123472,"10":1.9767308727,"11":1.9759755169,"12":1.9759755169,"13":1.9761542859,"14":1.9768492396,"15":1.9688617924,"16":1.9688513494,"17":1.9645085015,"18":1.965898767,"19":1.9448749264,"20":1.9189739371},"e26":{"0":2.044866784,"1":2.0474692445,"2":2.0465455967,"3":2.0475422192,"4":2.0418057585,"5":2.0387090357,"6":2.0388046627,"7":2.0359302432,"8":2.0347502252,"9":2.0336576159,"10":2.0333866814,"11":2.0331358161,"12":2.0343850149,"13":2.0355416805,"14":2.0358719264,"15":2.0421036355,"16":2.0441848477,"17":2.0407563405,"18":2.038478093,"19":2.0301167528,"20":2.0197377341},"e12":{"0":2.0414840993,"1":2.0474096225,"2":2.0455004498,"3":2.0477311498,"4":2.035787896,"5":2.0302820659,"6":2.0317771326,"7":2.026888343,"8":2.0258285979,"9":2.0249318906,"10":2.0257115997,"11":2.0263713536,"12":2.03000653,"13":2.0330824484,"14":2.0341466871,"15":2.0473548891,"16":2.0508695216,"17":2.0427203644,"18":2.0376864622,"19":2.0204423911,"20":2.0003743309},"MACD":{"0":-0.0033826847,"1":-0.000059622,"2":-0.0010451469,"3":0.0001889306,"4":-0.0060178625,"5":-0.0084269698,"6":-0.00702753,"7":-0.0090419002,"8":-0.0089216273,"9":-0.0087257254,"10":-0.0076750817,"11":-0.0067644625,"12":-0.004378485,"13":-0.002459232,"14":-0.0017252392,"15":0.0052512536,"16":0.0066846738,"17":0.0019640239,"18":-0.0007916309,"19":-0.0096743617,"20":-0.0193634032},"e9":{"0":-0.0035486029,"1":-0.0028508067,"2":-0.0024896748,"3":-0.0019539537,"4":-0.0027667355,"5":-0.0038987823,"6":-0.0045245319,"7":-0.0054280055,"8":-0.0061267299,"9":-0.006646529,"10":-0.0068522395,"11":-0.0068346841,"12":-0.0063434443,"13":-0.0055666018,"14":-0.0047983293,"15":-0.0027884127,"16":-0.0008937954,"17":-0.0003222316,"18":-0.0004161114,"19":-0.0022677615,"20":-0.0056868898},"HIST":{"0":0.0001659182,"1":0.0027911847,"2":0.0014445278,"3":0.0021428843,"4":-0.0032511271,"5":-0.0045281875,"6":-0.0025029981,"7":-0.0036138947,"8":-0.0027948974,"9":-0.0020791964,"10":-0.0008228422,"11":0.0000702216,"12":0.0019649593,"13":0.0031073698,"14":0.0030730901,"15":0.0080396663,"16":0.0075784693,"17":0.0022862555,"18":-0.0003755194,"19":-0.0074066003,"20":-0.0136765134}}